type,key,title,body
chapter,0,The Spark,"Everything begins with a single decision: an autonomous agent that can perceive, decide and act. One unit of agency. That is the smallest thing in the system — and it is already alive."
chapter,1,The Agent,"An Agent is a specialised worker with a role, a memory and a voice. Security. Trading. Writing. Design. Voice. Intelligence. Each is small; together they are a civilisation."
chapter,2,The Brain,"Agents share one Brain: a living memory that records every fact, decision and lesson. No agent is isolated — all read and write the same truth."
chapter,3,The Conversation,"Agents do not just run — they talk. They debate, hand off work, and reach consensus. A trading decision is argued Bull vs Bear before a single action is taken."
chapter,4,The Skill,Every success is captured as a reusable Skill. The system learns from itself and becomes smarter with every cycle — permanently.
chapter,5,The Fleet,"Agents get bodies: bots on Telegram and Discord, voices on the channels, posts on the networks. The system is present where people are."
chapter,6,The Studio,"From one idea, the Studio produces text, image, voice, video and music — in nine languages — ready to publish anywhere."
chapter,7,The Markets,"Autonomous trading screens the world's exchanges, manages risk and acts within strict bounds. Capital works while the owner sleeps."
chapter,8,The Mesh,"Phones, servers, clouds and repositories form one Mesh. The system runs everywhere and heals itself when any node fails."
chapter,9,The Guardian,"Safety is architectural. Bounded autonomy gates protect trading, deploys and publishing. Secrets never leave the sovereign vault."
chapter,10,The Civilisation,"At the macro scale: a self-improving, multi-agent civilisation the owner can observe, guide and trust — anonymous, sovereign, continuous."
guidance,,For the Curious,Start with the Agent and the Brain. Understand that this is not a chatbot — it is an operating system for agency.
guidance,,For the Creator,Use the Studio to turn any idea into multilingual media. Use the Fleet to reach your audience on every channel.
guidance,,For the Operator,"The system runs 24/7. Watch the live status, guide when you wish, and let autonomy handle the rest."
guidance,,For the Visionary,The roadmap below is the path from a single agent to a self-sustaining civilisation of intelligence.
roadmap,Now,,"Unified multi-agent brain, self-healing orchestration, multilingual studio, sovereign trading, public A-Z documentation."
roadmap,Next,,On-chain settlement and an economic layer where agents transact value autonomously and transparently.
roadmap,Then,,"An agent-to-agent marketplace — skills, data and compute traded inside the system."
roadmap,Beyond,,"Edge-native deployment by default, a public SDK for third-party agents, and a self-governing civilisation of intelligence."
global_vision,Cities & Civic,,"Autonomous urban intelligence — traffic, energy, safety, governance — operating for the public good, anonymously."
global_vision,Health & Medicine,,"Research acceleration, epidemiology modelling and personal health agents that never sleep."
global_vision,Finance & Economy,,"Sovereign trading, transparent settlement and an agent-to-agent value layer."
global_vision,Energy & Climate,,"Grid optimisation, clean-energy orchestration and planetary climate modelling."
global_vision,Education & Culture,,"Personalised learning and cultural preservation in every language, including the nine studio tongues."
global_vision,Science & Space,,From fundamental research to orbit and beyond — autonomous laboratories and deep-space relays.
global_vision,Media & Storytelling,,High-end multilingual content studios that rival the best channels on Earth.
global_vision,Defense & Resilience,,Self-healing infrastructure and architectural safety by design.
fingerprint,project_id,,8X8-OS-AZ-2026-ONE-SHOT
fingerprint,edition,,Cinematic v2 — Planet Scale
fingerprint,unique_titles,,The Spark That Thinks; The Brain Without Walls; The Endless Council; The Studio of Nine Tongues; The Mesh That Never Sleeps; The Guardian at the Gate; A Civilisation That Improves Itself
